{"inputUnits":[63],"outputUnits":2,"inputs":{"0":{"dtype":"number","min":0.1608262062072754,"max":0.8568664789199829},"1":{"dtype":"number","min":0.36360031366348267,"max":1.297128677368164},"2":{"dtype":"number","min":-9.137049801211106e-7,"max":0.0000014009137885295786},"3":{"dtype":"number","min":0.2423352301120758,"max":0.8251751661300659},"4":{"dtype":"number","min":0.35128921270370483,"max":1.2521157264709473},"5":{"dtype":"number","min":-0.09729060530662537,"max":-0.010516071692109108},"6":{"dtype":"number","min":0.2221890389919281,"max":0.8986666798591614},"7":{"dtype":"number","min":0.313681960105896,"max":1.1694493293762207},"8":{"dtype":"number","min":-0.1999504417181015,"max":-0.012140593491494656},"9":{"dtype":"number","min":0.1367383897304535,"max":0.9685622453689575},"10":{"dtype":"number","min":0.26831987500190735,"max":1.0977717638015747},"11":{"dtype":"number","min":-0.29530811309814453,"max":-0.013905908912420273},"12":{"dtype":"number","min":0.06025904417037964,"max":1.0274378061294556},"13":{"dtype":"number","min":0.22925542294979095,"max":1.0442575216293335},"14":{"dtype":"number","min":-0.38894760608673096,"max":-0.015270506963133812},"15":{"dtype":"number","min":0.2452380359172821,"max":0.8067182302474976},"16":{"dtype":"number","min":0.20552925765514374,"max":0.9495174884796143},"17":{"dtype":"number","min":-0.23023292422294617,"max":0.02021464705467224},"18":{"dtype":"number","min":0.20256172120571136,"max":0.8265005350112915},"19":{"dtype":"number","min":0.13219036161899567,"max":0.8014463782310486},"20":{"dtype":"number","min":-0.3736989498138428,"max":-0.00896428432315588},"21":{"dtype":"number","min":0.17275843024253845,"max":0.837418794631958},"22":{"dtype":"number","min":0.08625921607017517,"max":0.787568211555481},"23":{"dtype":"number","min":-0.4540227949619293,"max":-0.020739730447530746},"24":{"dtype":"number","min":0.14629538357257843,"max":0.8633986115455627},"25":{"dtype":"number","min":0.04673680663108826,"max":0.8033640384674072},"26":{"dtype":"number","min":-0.49611762166023254,"max":-0.028310002759099007},"27":{"dtype":"number","min":0.1795823872089386,"max":0.8250028491020203},"28":{"dtype":"number","min":0.18793633580207825,"max":0.9503706693649292},"29":{"dtype":"number","min":-0.22851479053497314,"max":0.003528825007379055},"30":{"dtype":"number","min":0.14836573600769043,"max":0.8741169571876526},"31":{"dtype":"number","min":0.10412072390317917,"max":0.8899257779121399},"32":{"dtype":"number","min":-0.37026268243789673,"max":-0.0062749991193413734},"33":{"dtype":"number","min":0.11494791507720947,"max":0.9095734357833862},"34":{"dtype":"number","min":0.050013020634651184,"max":0.9756818413734436},"35":{"dtype":"number","min":-0.3762762248516083,"max":-0.02239692024886608},"36":{"dtype":"number","min":0.08136951923370361,"max":0.9425764679908752},"37":{"dtype":"number","min":0.0066406577825546265,"max":1.0682704448699951},"38":{"dtype":"number","min":-0.35522881150245667,"max":-0.0310825202614069},"39":{"dtype":"number","min":0.10706555098295212,"max":0.8884164690971375},"40":{"dtype":"number","min":0.18529094755649567,"max":0.9838130474090576},"41":{"dtype":"number","min":-0.2345283329486847,"max":-0.002051442163065076},"42":{"dtype":"number","min":0.047452181577682495,"max":0.9484719634056091},"43":{"dtype":"number","min":0.10742616653442383,"max":0.9743314981460571},"44":{"dtype":"number","min":-0.35028910636901855,"max":-0.013246454298496246},"45":{"dtype":"number","min":0.0014564543962478638,"max":0.9895410537719727},"46":{"dtype":"number","min":0.05963045358657837,"max":1.0348293781280518},"47":{"dtype":"number","min":-0.29938870668411255,"max":-0.02572060190141201},"48":{"dtype":"number","min":-0.037116989493370056,"max":1.0225080251693726},"49":{"dtype":"number","min":0.021437495946884155,"max":1.1084648370742798},"50":{"dtype":"number","min":-0.31068530678749084,"max":-0.028542615473270416},"51":{"dtype":"number","min":0.05402149260044098,"max":0.9348433613777161},"52":{"dtype":"number","min":0.19389371573925018,"max":1.0428094863891602},"53":{"dtype":"number","min":-0.2512803375720978,"max":-0.007243078202009201},"54":{"dtype":"number","min":-0.03248016536235809,"max":1.0068168640136719},"55":{"dtype":"number","min":0.13244841992855072,"max":1.0304378271102905},"56":{"dtype":"number","min":-0.3320337235927582,"max":-0.020498022437095642},"57":{"dtype":"number","min":-0.09313197433948517,"max":1.0602561235427856},"58":{"dtype":"number","min":0.094307541847229,"max":1.0737314224243164},"59":{"dtype":"number","min":-0.2998182773590088,"max":-0.027175409719347954},"60":{"dtype":"number","min":-0.14263541996479034,"max":1.098899006843567},"61":{"dtype":"number","min":0.060754284262657166,"max":1.0931220054626465},"62":{"dtype":"number","min":-0.28773993253707886,"max":-0.030009668320417404}},"outputs":{"label":{"dtype":"string","min":0,"max":1,"uniqueValues":["hand_point","hand_far_away"],"legend":{"hand_point":[1,0],"hand_far_away":[0,1]}}},"isNormalized":true}